{
  "test_codebleu": 0.2537000776204446,
  "test_chrf": 6.050654905806047,
  "test_bleu": 0.804876488335166,
  "n": 26
}