{
  "test_codebleu": 0.10394079898848164,
  "test_chrf": 3.292794683397764,
  "test_bleu": 0.17685378106891564,
  "n": 26
}