{
  "test_codebleu": 0.03956331488251266,
  "test_chrf": 6.300016434644798,
  "test_bleu": 1.6193357913598354,
  "n": 26
}