{
  "test_codebleu": 0.25570297540666564,
  "test_chrf": 7.164940196698044,
  "test_bleu": 1.5461265443333807,
  "n": 26
}