{
  "test_codebleu": 0.05095076456618794,
  "test_chrf": 4.261465012582828,
  "test_bleu": 0.16423434968393538,
  "n": 26
}