{
  "test_codebleu": 0.08963837933867184,
  "test_chrf": 3.4098804102272053,
  "test_bleu": 0.1257906782948002,
  "n": 26
}