{
  "test_codebleu": 0.31025261549940014,
  "test_chrf": 3.473141919392942,
  "test_bleu": 0.12642181010798284,
  "n": 26
}