{
  "test_codebleu": 0.050255872953028614,
  "test_chrf": 4.04583798735352,
  "test_bleu": 0.07988370091228456,
  "n": 26
}