{
  "test_codebleu": 0.06202139816440839,
  "test_chrf": 5.636694692238582,
  "test_bleu": 0.35547440581007095,
  "n": 26
}