{
  "test_codebleu": 0.05552166315687184,
  "test_chrf": 6.187304583263614,
  "test_bleu": 0.5983382669947912,
  "n": 26
}