{
  "test_codebleu": 0.10035952314320225,
  "test_chrf": 4.384886818575978,
  "test_bleu": 0.14234824178497452,
  "n": 26
}