{
  "test_codebleu": 0.0962032526671771,
  "test_chrf": 4.479495316686505,
  "test_bleu": 0.2656703851403895,
  "n": 26
}