{
  "test_codebleu": 0.09833777513828093,
  "test_chrf": 4.253756265774846,
  "test_bleu": 0.1971345715553527,
  "n": 26
}