{
  "test_codebleu": 0.09603148241904444,
  "test_chrf": 4.469810246222802,
  "test_bleu": 0.14307892855009033,
  "n": 26
}