{
  "test_codebleu": 0.045241837217963446,
  "test_chrf": 4.777617028805053,
  "test_bleu": 0.12892935006331552,
  "n": 26
}