{
  "test_codebleu": 0.25139154878137127,
  "test_chrf": 4.460626864901202,
  "test_bleu": 0.043352023881104824,
  "n": 26
}