{
  "test_codebleu": 0.03003150361325122,
  "test_chrf": 5.188665581199592,
  "test_bleu": 0.4886290859084724,
  "n": 26
}