{
  "test_codebleu": 0.2522423345774837,
  "test_chrf": 5.5867212964020485,
  "test_bleu": 0.14755739568066642,
  "n": 26
}