{
  "test_codebleu": 0.09476675306441723,
  "test_chrf": 4.233000590987334,
  "test_bleu": 0.2465812824008568,
  "n": 26
}